refs,ocm_choice,section_topic,¶_order,bullet,¶_content_en,¶_content_fr
,203 Dissemination of News and Information,2 Description,1,,"Information dissemination happens both orally and in written form. It can have different levels of certainty, such as eye-witness knowledge, second-hand but reliable information, hearsay, story. Disseminating information about people in different levels of society may happen in different ways.","L'information se rependre et à l'oral et à l'écrit. Il peut avoir plusieurs niveaux de certitude. témoin oculaire, second main mais crédible, par ouï-dire, des histoires. La diffusion de l’information sur des gens de différent niveau de la société peut se faire par des moyens différents."
LUK 1:1,203 Dissemination of News and Information,3 Application to Biblical source,1,,"Luke's word here for “account” was used for a *narrative of many events, as distinct from a narrative of a single event, and was most characteristically (though certainly not only) applied to works of history. Writers compiling a work usually started with one main source and wove in secondary material from another source or sources. (Most scholars agree that Luke begins with Mark as his main source and weaves in other material, including “Q”). IVP Bacrground Commentary","Le mot 'récit' fait référence à une narration de plusieurs événements, plutôt historiques. Les auteurs des ouvres historiques utilisaient une source primaire et ajoutaient information trouvé dans d‘autres sources. (IVP Background Commentary, translated"
LUK 1:1-4,203 Dissemination of News and Information,3 Application to Biblical source,1,,In Luke's day the more sophisticated writers would often introduce their books with a piece of stylish prose written in the classical style. (Those with literary pretensions generally imitated the Greek of a much earlier period than was commonly spoken.) Luke's introduction here is superb in this regard. IVP Background Commentary,"Cette admirable préface de Luc, si précise et si claire dans sa brièveté, si riche de pensées, du style classique le plus pur, et qui rappelle les prologues des grands historiens grecs (Hérodote, Thucydide, Polybe), nous apprend que l'évangéliste a eu plusieurs devanciers (v. l), (NT Annoté)"
LUK 1:2,203 Dissemination of News and Information,3 Application to Biblical source,1,,"“Handed down” was sometimes a technical term in the ancient world. *Disciples of *rabbis normally passed down first-generation traditions carefully. Oral storytellers were also adept at memorizing and passing on stories accurately. Because Luke writes while eyewitnesses are still alive, and because they were accorded a place of prominence in the early *church, we may be sure that his traditions are reliable. (Eyewitness sources were accepted as the best.) IVP Background Commentary","Il s'agit de chrétiens, aujourd'hui inconnus, qui avaient rédigé des souvenirs de la prédication apostolique, et dont les écrits ont disparu à mesure que nos quatre évangiles prévalurent dans l'usage ecclésiastique. Luc a sans doute utilisé ces écrits comme l'une des sources de sa narration,  (NT Annoté)"
LUK 1:3-4,203 Dissemination of News and Information,3 Application to Biblical source,1,,"Literary introductions often specified the purpose of the work (e.g., in *Josephus's Against Apion: “to teach all who wish to know the truth” about the Jewish people); here Luke wishes to provide “exact information” (“exact truth”—NASB; “certainty” —NIV). It was proper for a good historian to check the data that had come to him. Books would often open with a dedication to the wealthy *patron who sponsored the writing project. (Luke-Acts is not just a private work; Luke's Gospel is within 3 percent of the length of Acts, both fitting the standard size of scroll for publication.) Theophilus, the name of the sponsor, was a common Jewish name. “Most excellent” could literally mark him as a member of a high class in Roman society (the equestrian order), although Luke may use the title only as a courtesy. Theophilus's desire for verification was reasonable in view of the many competing claims to religious truth in the Roman Empire. IVP Background Commentary"," enfin qu'il s'est proposé pour but de confirmer les enseignements reçus par Théophile, à qui il dédie son écrit. (v. 4.) Dès les premiers mots, il nous indique ce qui lui a inspiré l'idée de son travail: c'est le fait, bien connu alors, que plusieurs avaient déjà entrepris d'écrire des narrations semblables. (NT Annoté)"
,,,,,,
LUK 1:63,203 Dissemination of News and Information,3 Application to Biblical source,1,,The writing tablet was a wooden board coated with wax; one would inscribe the message on the wax surface. IVP Background Commentary,"Les tablettes des anciens étaient ordinairement des plaques en bois enduites de cire sur lesquelles on écrivait avec un style ou sorte de poinçon.
 (NT Annote)"
LUK 2:15-18,203 Dissemination of News and Information,3 Application to Biblical source,1,,The shepherds probably checked the animal stables till they found the one with the baby; Bethlehem was not a large town.  IVP Background Commentary.,"San doute les bergers cherchaient dans tous les étables de Bethlehem car c’était un petit village. (IVP Background Commentary, transl.)"
LUK 4:14-30,203 Dissemination of News and Information,3 Application to Biblical source,1,,"Visiting *rabbis were often given opportunities to teach; but Nazareth, a village of sixteen hundred to two thousand inhabitants, already knew Jesus and would be less open to thinking about him in new ways. IVP Background Commentary"," Il se leva pour lire, c'est-à-dire qu'il montra, en se levant, son intention de lire et de parler. A l'ordinaire, c'était le président de la synagogue qui invitait à remplir cette fonction quelqu'un des assistants qu'il y croyait propre  (NT Annoté)"
,,,,,,
LUK 4:32,203 Dissemination of News and Information,3 Application to Biblical source,1,,Most teachers would try to expound the *law by explaining the proper way to translate it or by appealing to their legal or *narrative traditions; Jesus goes beyond such practices. IVP Background Commentary,L'enseignement des maitres de la loi consistait plutôt d'une explication de la traduction de l'hébreu; ou bien des traditions. Jésus enseignait autrement qu'eux. (NT Annoté)
LUK 4:43-44,203 Dissemination of News and Information,3 Application to Biblical source,1,,Jesus preached in the synagogues throughout the country. ,
LUK 5:12-16,203 Dissemination of News and Information,3 Application to Biblical source,1,,"It was nearly impossible to find a place to be alone in ancient towns, with their narrow streets and sometimes (often in poorer places like Egypt) twenty people living in the common one-room houses. Most blocks in Capernaum consisted of four homes facing a common courtyard. Villages were also often close together, though one could find a place alone if one arose early enough (most people arose at dawn). IVP Background Commentary",C'était presqu'impossible trouver un endroit solitaire dans les rues étroites des villes anciens. Souvent (dans les banlieues pauvres) les familles de plus de vient personnes habitaient ensemble dans une seul chambre. A Capernaum les maisons consistait de quatre chambres donnant sur une cour: Les villages se trouvaient très prés les uns des autres: On trouvait un endroit solitaire seulement si on se levait très tôt. (IVP Biblical Background transl:)
LUK 5:22-26,203 Dissemination of News and Information,3 Application to Biblical source,1,,Some Jewish teachers accepted miracles as verification that a teacher was truly God's representative; others did not regard miracles as sufficient proof if they disagreed with that teacher's interpretation of Scripture. IVP Background Commentary,Plusieurs maitres de la loi juifs acceptaient des miracles comme preuve d'approbation divine. D'autres exigeaient aussi que les enseignements soient en accord avec les leurs. (IVP Biblical Background; transl)
,203 Dissemination of News and Information,5 Research Suggestions,1,,Questions to ask when exploring how information is disseminated:,Posez-vous ces questions pour mieux comprendre comment l'information est rependue:
,203 Dissemination of News and Information,5 Research Suggestions,,1,How are different levels of certainty indicated when information is given?,Comment le niveau de certitude est-il établi quant l'linformation est donné?
,203 Dissemination of News and Information,5 Research Suggestions,,1,How are important life events announced?,Commen les événements important de la vie sont-ils rependus?
,203 Dissemination of News and Information,5 Research Suggestions,,1,"How is information about people in different levels of society communicated (ordinary person, respected teacher, royalty)?","Comment l'information sur des gens de différents niveaux de la soceité sont-elles communiques (les riches, les gens ordinaires, les familles royales)?"
,203 Dissemination of News and Information,5 Research Suggestions,,1,How is important information spread to others?,Comment apprent-on informatrion importante?
,203 Dissemination of News and Information,5 Research Suggestions,,1,What is the means of spreading credible information? ,Ques sont les moyens de répendre de l'information crédible?
,203 Dissemination of News and Information,5 Research Suggestions,,1,"When information is spread, what can happen to make it seem suspecious or not true?",Que ce qui peut se passé pour rendre de l'information suspicieux ou faux?
,,,,,,
,,,,,,
LUK 17:11-19,801 Numerology,2 Description,1,,"Numeration is how people count different kinds of things. Numerology is how people use numbers, both for counting and symbolic uses, and what they believe about numbers or certain numbers.",L'étude des systéms de conter des choses diverses s'appelle la Numération. La Numérology est l'étude de comment les gens utilsent les numeros pour conter aussi bien que dans des senses symboliques et leur croyances vis à vis les numeros.
LUK 17:11-19,801 Numerology,3 Application to Biblical source,1,,"Ten men healed with leprosy, 1 returns to give thanks",Dix hommes sont guéris de la lépre; un seul revient remercier Jesus.
LUK 17:11-19,801 Numerology,5 Research Suggestions,1,,"Certain numbers can have symbolic and other important meaning in cultures. There are many uses of numbers and measure in Scripture. Translating numbers without knowing their significance can miscommunicate the meaning, or lessen the impact of a Scripture passage. Scripture Use can be enhanced through appropriate use of numbering of Scripture products and their presentation. Knowledge of which numbers are good or bad can prevent miscommunication with the people around you.",Certains nombres ont des senses symboliques. Les nombres et les mesures ont plusiers usages dans la Bible. Traduire les nombres sans connaitre leurs signification risque communiquer mal ou minimizer l'effect du message. L'usage de la Bible est mis en valeur quand les traducteurs refléchisent bien sur comment preésenter la numeration des produits bibliques. Bien comprendre quels numeros ont des senses negatives ou positives prévoi une mauvaise communication du message.
LUK 17:11-19,801 Numerology,5 Research Suggestions,1,,"Look for recurring special numbers or counting patterns in oral tradition material such as stories, legends and folk tales; music and songs; the way people interpret dreams; material culture arrangements; games and gaming. Find out the symbolic significance of often repeated numbers.","Chercher les numeros ou des méthods de conter qui se repetent dans des traditions orale commes des contes, des légends et des histoires folkloriques; dans la music et les chançons; comment les gens interprêtent les songes; dans la organization de la culture matérielle; dans des jeux. Décrouvre la signification symbolique des numéros répétés."
,243 Cereal Agriculture,2 Description,1,,"The agricultural cycle is one way a society organizes its activities throughout the year. It involves the seasonal activities associated with the production of food crops in a particular locale. Whether families grow their own food, buy and barter for food grown by others, or do both, the agricultural cycle plays a key role in the formation of any society and its culture.","Le cycle d'agriculture est une façon de organizer les activités de lannée dans une société. Il inclue les activités de chaque saison associées avec la production de la nuriture dans un endriot spécifique. Ce cycle est central pour la formation de toute société et sa culture, soit les familles cultivent leur nouriture or l'achêtent."
,243 Cereal Agriculture,2 Description,,1,learn language and cultural patterns essential to your own adjustment to the basic rhythms of life and work in the locale.,Apprendres les langues et les modes de comportement essentielles pour s'adapter à la vie de l'endroit de votre travail.
,243 Cereal Agriculture,2 Description,,1,understand matters of basic importance to your neighbors: what they eat and how they obtain it.,"Comprendre les affaires qui sont important à vos voisins, ce qu'ils manges et comment ils l'obtiennent."
,243 Cereal Agriculture,2 Description,,1,build a fund of knowledge in preparation for translating the many passages where there is literal or figurative use of agricultural themes in Scripture.,"Etablir une réserve d'informations pour vous préparer à traduire tous les passages de la Bible qui traite de l'agriculture, soit liéralement soit dans un sense figuré."
LUK 6:1-11,243 Cereal Agriculture,3 Application to Biblical source,1,,"Some scholars have suggested that “rubbing with their hands” (v.1) by extension constituted threshing, a forbidden category of work on the sabbath. Although the law of Moses was especially authoritative for Jewish legal experts, the *narratives of other parts of the *Old Testament sometimes illustrate principles of the *law's spirit taking precedence over its normal practice (e.g., 2 Chron 30:2-3). If Jesus could demonstrate his case from Scripture, his opponents technically could not prosecute him successfully, due to the variety of Palestinian Jewish views on how the sabbath was to be observed. IVP Background Commentary","Certains rechercheurs disent que ""frotter les mains"" (v. 1) était vu comme s'ils moissonaient, une activité defendu durant le sabat. La loie de Moise faisait autorité pour les experts legals parmi les Juifs, des narratives dans d'autres partie de l'Ancien Testament parfois illustrent le principe que l'esprit de la loi a la précéence sure les pratiques normales (par example 2 Chroniques 30: 2,3). Si Jésus prouve son argument par les Ecritures, ses adversaires ne pouvaient le poursuivre due à la variété des vues sur comment observer le sabat dans Palestine de l'époche. (IVP Biblical Background trad.)"
LUK 9:57-62,243 Cereal Agriculture,3 Application to Biblical source,1,,"One needed to keep one's eyes on the path of the plow to keep its furrow from becoming crooked. The hand-held plow was light and wooden and often had an iron point. When Elijah found Elisha plowing, he called him to follow but allowed him first to bid farewell to his family (1 Kings 19:19-21). Jesus' call here is more radical than that of a radical prophet. IVP Background Commentary","Les commentateurs disent généralement qu’en regardant derrière lui, le laboureur imprimait nécessairement une courbe à son sillon - ce qui est exact. Mais les charrues d’autrefois ne ressemblaient pas aux nôtres et si le laboureur avait regardé derrière lui, il n’aurait plus fait de sillon du tout. En effet, la charrue consistait généralement en une branche solide, mais légère, tenue de la main gauche, la droite maniant l’aiguillon pour stimuler les boeufs. Comme la charrue n’entaillait pas le sol par son propre poids, le laboureur devait peser dessus de tout le sien pour la faire creuser la terre. Il est évident que s’il se retournait, le soc se relevait et glissait sur la surface du sol. Peut-être Jésus a-t-il pensé à la vocation d’Elisée (1 Rois 19.19-21). (Encyclpoédie difficultés bibliaues)"
,243 Cereal Agriculture,5 Research Suggestions,1,,"Study the agricultural cycle in your location by observing and recording the seasons of the year and their typical weather patterns, and what crops grow in what season.","Rechercher le cycle d'agriculture dans votre région en observant et notant les saisons de l'année et la météo, et quels plantes poussent dan chaque saison."
,243 Cereal Agriculture,5 Research Suggestions,1,,"Ask about the different work phases and requirements (burning, tilling, weeding, etc.) and the division of labor and composition of work groups (who does what part of the work)","Demander sur les phases des travaux d'agriculture, moissoner,  désherbage, semmer, aussi bien que la division de travail, que fait quel partie du travail."
,243 Cereal Agriculture,5 Research Suggestions,1,,Learn the terms used for the seasons and their associated activities.,Apprendres les mots utilisé pour les saisons et les activités associés avec chaqune.
,,,,,,
,764 Burial Practices and Funerals,2 Description,1,,"Burial, or cremation funeral practices vary from culture to culture.  They are important riturals for families and communities.  Because they often contain prescribed practices of things the family should do, they are times of intense family and social pressure. They are also times of crisis and transition and as such require family and / or comunity cooperation to honor and care for the desceased. ","Enterement ou incéneration, les pratiques funerailles varient parmis les cultures. Ces rituelles sont important pour les familles et la communauté. Ces periods mettent de forte pression sociale et familiale car souvent is consiste des pratiques predéterminés que la famille doit suivre. Ils sont aussi des temps de crises et de transition et demande une coopération familiale pour honorer et entérer le défunt."
LUK 7:11-17,764 Burial Practices and Funerals,3 Application to Biblical source,1,,"Interrupting a funeral was a blatant breach of Jewish law and custom; touching the bier exposed Jesus to a day's uncleanness (Num 19:21-22); touching the corpse exposed him to a week's uncleanness (cf. Num 5:2-3; 19:11-20). But in Jesus' case, the influence goes in the other direction. (from IVP Biblical Background Commentary NT)","Interrompre un funerail était contre la loi et les coutûmes juif. Toucher la biére a causé impurté pour une journée entiére (Num 19: 21,22); toucher le défunt a causé impurté pour une semaine (Num 5: 2,3). Mais pour Jésus, la purté revient sur le défunt. (IVP Biblical Background, trad.)"
LUK 7:11-17,764 Burial Practices and Funerals,3 Application to Biblical source,1,,People customarily dropped whatever they were doing and joined in a funeral procession when it passed by. For a widow's only son to die before she did was considered extremely tragic; it also left her dependent on public charity for support unless she had other relatives of means. (from IVP Biblical Background Commentary NT),"On ensevelissait toujours les défunts en-dehors des localités ; c’est pourquoi Jésus rencontre ce convoi funèbre à la porte de la ville. Il était de coutume que tous ceux qui avaient connu le mort participent à l’enterrement. Le fait qu’il s’agissait du fils unique d’une veuve a certainement motivé beaucoup de ceux qui auraient hésité dans un autre cas. Généralement, quatre hommes portaient la bière sur leurs épaules en se relayant de temps en temps. C’était considéré comme un honneur de pouvoir accomplir ce service. La bière était constituée par un cadre en bois ressemblant en partie à nos cercueils. Le mort était revêtu de ses habits, les mains étaient croisées sur la poitrine et son visage était couvert d’une écharpe. (Encyclopédie difficultés bibliques)"
LUK 7:11-17,764 Burial Practices and Funerals,3 Application to Biblical source,1,," According to custom the bereaved mother would walk in front of the bier, so Jesus would meet her first. Philosophers often tried to console the bereaved by saying, “Do not grieve, for it will do no good.” Jesus' approach is entirely different: he removes the cause of bereavement (1 Kings 17:17-24).v(from IVP Biblical Background Commentary NT)","Le Sauveur découvre immédiatement la pauvre veuve au milieu de la foule; et, à sa vue, il est (gr.) ému dans ses entrailles: expression d'un vif et profond sentiment de sympathie. Cette tendre charité lui fait accomplir un de ses plus grands miracles. Ici, comme à la résurrection de Lazare, nous voyons en Jésus-Christ la grandeur divine, unie aux sentiments humains les plus vrais. Ce mot d'une profonde compassion: Ne pleure point, ne serait qu'une ironie si Jésus n'avait pas eu conscience dés ce moment de ce qu'il allait faire. (NT Annoté)"
LUK 7:11-17,764 Burial Practices and Funerals,3 Application to Biblical source,1,,"By touching even the bier, a stretcher on which the body was borne (Jewish custom did not use a closed coffin), Jesus would contract corpse-uncleanness, the severest form of ritual impurity in Judaism. Only those closest to the deceased were expected to expose themselves to this impurity. The young man had not been dead long, because it was necessary to wash, anoint, wrap, mourn over and then bury the body as quickly as possible to avoid the stench of decomposition.(from IVP Biblical Background Commentary NT)","Le cercueil était ouvert; le mort y était couché, enveloppé d'un linceul. Jésus s'en approche; il touche la bière sans crainte de la souillure résultant du contact d'un mort. C'était une invitation aux porteurs à s'arrêter. Ceux-ci obéissent à ce geste hardi du Prince de la vie.(NT Annoté)"
LUK 8:46-48,764 Burial Practices and Funerals,3 Application to Biblical source,1,,"Jewish people generally believed that only teachers closest to God had supernatural knowledge. Jesus uses his supernatural knowledge to identify with the woman who had touched him—even though in the eyes of the public this would mean that he had contracted ritual uncleanness. Lest anyone be permitted to think that the healing had been accomplished by typical pagan magic, operating without Jesus' knowledge, he declares that it happened in response to “faith” (v. 48). (from IVP Biblical Background Commentary NT)","D'après le récit de Marc et de Luc, la malade a été guérie par le simple attouchement des vêtements de Jésus (v. 44) et sans une action consciente et voulue du Sauveur, qui pourtant a senti qu'une puissance ou une force salutaire était sortie de lui. Marc (Marc 5:30) mentionne seulement l'impression que Jésus avait eue. D'après Luc, Jésus aurait énoncé cette impression et réfuté ainsi plus péremptoirement l'objection des disciples. La nature spéciale de ce miracle a été pour plusieurs interprètes une pierre d'achoppement. (NT Annotté)"
LUK 8:49,764 Burial Practices and Funerals,3 Application to Biblical source,1,,"Once an event had occurred, it was too late to pray for its reversal. For example, the *rabbis claimed that it was too late for one hearing a funeral procession to pray that it was not for a relative. (from IVP Biblical Background Commentary NT)","Dés qu'un événement est arrivé on ne pouvait plus prier qu'il se révérse. Pqr exemple, les rabbins disait si on entend une funerail il était trop tard de prier qu'il ne s'agissait de quelqu'un de la famille. (IVP Biblcal Background trad:)"
LUK 8:50-56,764 Burial Practices and Funerals,3 Application to Biblical source,1,,"Several professional mourners were required at the funeral of even the poorest person; the funeral for a member of a prominent family like this one would have many mourners. Because bodies decomposed rapidly in Palestine, mourners had to be assembled as quickly as possible, and they had gathered before word even reached Jairus that his daughter had died. (from IVP Biblical Background Commentary NT)","Des gens professionelles étaient engagé pour augmenter les lamantations et larmes pour le défunt; même parmis les plus pauvres. Pour un riche comme ceci, sa maison était plain des gens. Les corps décomposaient rapidement en Palestine, donc les gens s'assemblaient rapidement. Ici, ils sont venus avant que le pére avait reçu les nouvelles de la mort de sa fille. (IVP Biblical Background)"
LUK 9:57-62,764 Burial Practices and Funerals,3 Application to Biblical source,1,,"God had used several earlier prophets (Elijah and Elisha) to resuscitate the dead, but it was a rare miracle. The few pagan stories of resuscitations, especially from the third century A.D. (from Philostratus and *Apuleius), are later and not validated by eyewitnesses as the Gospel accounts are; they also often exhibit features missing here, such as reports from the underworld. (from IVP Biblical Background Commentary NT)","à cause de son ministère itinérant, Jésus dépendait de l'accueil et de l'hospitalité des habitants des villes qu'il visitait. (Notes Bible du Sémeur)"
LUK 9:59-60,764 Burial Practices and Funerals,3 Application to Biblical source,1,,"Family members would not be outside talking with *rabbis during the mourning period, the week immediately following the death. The initial burial took place shortly after a person's decease, and would have already occurred by the time this man would be speaking with Jesus. But a year after the first burial, after the flesh had rotted off the bones, the son would return to rebury the bones in a special box in a slot in the tomb wall. Thus the son here could be asking for as much as a year's delay. One of an eldest son's most important responsibilities was his father's burial. Jesus' demand that the son place Jesus above this responsibility would thus sound like heresy: in Jewish tradition, honoring father and mother was one of the greatest commandments, and to follow Jesus in such a radical way would seem to break this commandment. IVP Biblical Background Commentary","Si son père venait de mourir, cet homme ne serait pas auprès de Jésus, car l'enterrement se faisait dans la journée même ou le lendemain. Il serait donc pris par les cérémonies précédant ou suivant l'enterrement. Enterrer les morts faisait partie des bonnes œuvres des Juifs. Même enterrer un étranger était un acte méritoire - à plus forte raison des membres de sa famille. On en faisait une application du 5e commandement. Jésus voulait dire par là que l'annonce de l'Evangile avait priorité sur les obligations religieuses les plus prisées. Ressusciter les morts (spirituels) est plus important qu'enterrer les morts (physiques). Cet homme pouvait s'appuyer sur l'exemple d'Elisée (1 Rois 19.19-21), mais la mission de Jésus est plus urgente que celle d'Elie et d'Elisée. Peut-être existait-il un proverbe soulignant l'importance de regarder droit devant soi lorsqu'on laboure (v. 62). Dans ce cas, Jésus l'a adapté dans le sens de Matthieu 6.33. (Encyclopédie difficultés bibliques)"
LUK 12:46,764 Burial Practices and Funerals,3 Application to Biblical source,1,,"The punishment of “cutting in pieces” is attested elsewhere in an earlier period in the pagan Greek East; Luke's readers, who would view themselves as more civilized, would no doubt find this detail horrifying. Taken literally, the subsequent banishment with unbelievers could mean that he was deprived of decent burial; but in the *parable it especially points to the Jewish doctrine of hell (*Gehinnom) for idolaters. IVP Background Commentary","La punition d'étre coupe en morçeax est attesté la literature gréc payen.  Le lecteurs de Luc se considerant plus civilizé, surement trouvaient les details horrifiants. Si l'on intérprete litéralement, le bannisement parmie les non croyants pourrait dire qu'il n'aurait pas d'enterrement. Mais le parabole indiaue le bannisement aux Enfers (le Gehinnom) des idolateurs. (Biblical Background, trad.)"
LUK 16:22-23,764 Burial Practices and Funerals,3 Application to Biblical source,1,,"Jewish lore often speaks of the righteous being carried away by angels; Jesus spares his hearers the traditional corresponding image of the wicked being carried away by demons. Every person, no matter how poor, was to receive a burial, and not to be buried was seen as terrible (e.g., 1 Kings 14:13). But Lazarus, having neither relatives nor charitable *patron, did not receive one, whereas the rich man would have received great eulogies. True Israelites and especially martyrs were expected to share with Abraham in the world to come. The most honored seat in a banquet would be nearest the host, reclining in such a way that one's head was near his bosom. IVP Background Commentary","Dans le contexte juif, ne pas recevoir de funérailles dignes - ou pas de funérailles du tout (1 Rois 14.13) était le déshonneur suprême. Mais la mort sans honneurs de Lazare, enterré peut-être à la sauvette dans une tombe collective des pauvres de la communauté, fut suivie d’honneurs célestes : emporté par les anges auprès d’Abraham. C’était l’expression traditionnelle du sort réservé aux Israélites fidèles : ils seraient avec le patriarche, auprès de lui. L’expression grecque reproduisant l’hébraïsme dit littéralement : «  dans le sein d’Abraham  ». Elle représente l’au-delà sous la forme d’un banquet où les convives sont à moitié couchés sur des sortes de divans. Celui qui est le plus près de son voisin touche sa poitrine avec sa tête lorsqu’il la penche en arrière (cf. Jean 13.23-25) ; être «  dans le sein d’Abraham  » signifiait donc se trouver tout près de lui (les places d’honneur dans un banquet étaient celles qui se situaient dans le voisinage immédiat du personnage le plus important, celui que l’on voulait honorer - comme notre étiquette actuelle l’a maintenu). (Encyclopedie difficultes bibliques)"
LUK 23:52-53,764 Burial Practices and Funerals,3 Application to Biblical source,1,,"Condemned criminals did not normally receive such honorable burials; but exceptions seem to have been made on the intercession of well-to-do family or friends, as the skeleton of a crucified man buried in another aristocratic Jewish tomb of this period testifies. IVP Background Commentary","Luc et Jean attachent assez d'importance à ce dernier trait pour ajouter que personne n'y avait encore été mis. Un tel sépulcre était plus honorable pour le Sauveur en préservant son corps du contact avec d'autres cadavres, qui, suivant la loi juive, lui auraient fait contracter une souillure. (NT Annotee)"
LUK 23:54-56,764 Burial Practices and Funerals,3 Application to Biblical source,1,,"Because bodies decomposed rapidly, mourners were allowed to anoint, wash and wrap the body in its shrouds even on the sabbath. More elaborate arrangements that these loyal women *disciples wish to bestow on Jesus, however, might wait until the sabbath (sundown Friday evening to sundown Saturday evening) has passed. IVP Background Commentary","Elles firent ces préparatifs le samedi soir après que le sabbat fût passé. Elles n'auraient pas eu le temps de les faire le vendredi soir, parce que le sabbat commençait au coucher du soleil. Leurs préparatifs achevés le samedi soir, il était trop tard pour procéder encore à l'embaumement du corps de Jésus; voilà pourquoi elles ne vinrent au sépulcre que le dimanche matin. (NT Annotee)"
,,,,,,
,764 Burial Practices and Funerals,5 Research Suggestions,1,,"The easiest way to research burial / creamation funeral practices in your area is create a case study.  Start building the case study by attended a funeral and then asking someone in the community to tell you a story about a death in the community, or about a funeral that they attended. Ask them:",Pour rechercher le pratiques sur les funeraill et disposition des corps dan votre region; vous devrez creer une étude de cas. Avant de commencer; il faut assister des obséques et demander à quelqu'un de vous raconter leur experience de la mort d'une personne dans la communauté; ou des funerailles qu'ils ont assisté.
,764 Burial Practices and Funerals,5 Research Suggestions,,1,Who all is involved in the process?,Quelles personnes etaient inclues dans les funerailles?
,764 Burial Practices and Funerals,5 Research Suggestions,,1,What happens to the body?,Que ce que c'est passé avec le corps du défunt?
,764 Burial Practices and Funerals,5 Research Suggestions,,1,What are the responsibilities of the deceased family? What do they do?,Queslles sont les responsabilités de la famille du défunt? Que ce qu'elle doit faire?
,764 Burial Practices and Funerals,5 Research Suggestions,,1,How long does all of this take?  What is the timeline of the event?,Combien de temps cela dure? Quel est l'order des choses?
,764 Burial Practices and Funerals,5 Research Suggestions,,1,What actions show respect / disrespect toward the deceased (and his family),Quelles actions montre le respect ou manque de respect envers le defunt? la famille du defunt?
,764 Burial Practices and Funerals,5 Research Suggestions,,1,What locations are important in the story?,Quels endroits sont importants?
,764 Burial Practices and Funerals,5 Research Suggestions,,1,Are there any differences between a poor and rich man's funeral?,Des différences entre les osbéques pour le riches et les pauvres existent-ils?
,764 Burial Practices and Funerals,5 Research Suggestions,,1,What are the important things in the story? What are their roles?,Quelles sont les choses important dans les funerailles? Quelle rôle pourtent-elles?
,,,,,,
,821 Ethnometeorology,2 Description,1,,"The weather is often a source of ideas and beliefs (especially about cause and effect). A group of people often share beliefs about the weather as part of their common cognitive culture, about weather phenomena, the seasonal round and climate, the earth, sun, moon, stars, eclipses and other unusual events, and the larger cosmos","La météo est souvent une source d'idées et croyances (particulierment sure la cause et effet). Les croyances sur la météo d'un groupe sociale fait partie de leurs culture cognitive, sure les phènoménes de météo, les saisons et le climat, la terre, le soleil; la lune, les étoiles; les éclipses; et d'autres evenements étranges, et le cosmos entier."
,821 Ethnometeorology,2 Description,1,,There are many references throughout the Scripture to weather. And there is probably no society where this is not a topic of great interest. Some of the ethno-meteorological references in Scripture are found in,Il y a beaucoup de références dans la Bible à la météo. Il n'exite pas de société qui ne s'interesse aux phénoméne de météo. Les référence dans la Bible inclue;
,821 Ethnometeorology,2 Description,,1,some of Jesus’ sayings and parables,des parables et des paroles de Jésus.
,821 Ethnometeorology,2 Description,,1,the description of the storm at sea in Acts,des descriptions des tempêtes sur la mer dans les Acts.
,821 Ethnometeorology,2 Description,,1,prophetic passages of warning,des passages prophétiques.
LUK 8:22-25,821 Ethnometeorology,3 Application to Biblical source,1,,"Some ancient stories told of powerful individuals able to subdue even the forces of nature, but these were nearly always gods or, less commonly, heroes of the distant past. In Jewish tradition, the one who ruled the winds and sea was God himself (Ps 107:29), though a few pious men were reputed to be able to persuade him to send rain. The surprise of the *disciples at Jesus' power is thus easy to understand. Storms often rose suddenly on the lake called the Sea of Galilee; these fishermen had usually stayed closer to Capernaum and are unprepared for a squall this far from shore. The only place one could sleep in a small fishing boat with water pouring in from a storm would be on the elevated stern, where one could use the wooden or leather-covered helmsman's seat, or a pillow sometimes kept under that seat, as a cushion to rest one's head.","Gr. et un tourbillon de vent descendit (des gorges de la montagne) sur le lac, et ils s'emplissaient (d'eau, métonymie par laquelle les navigateurs sont mis au lieu de la barque) (NT Annoté)"
LUK 9:28-36,821 Ethnometeorology,3 Application to Biblical source,1,," cloud came and overshadowed them, and they were afraid as they entered the cloud ""Cambridge Bible for Schools and Colleges
34. there came a cloud, and overshadowed them] “A bright cloud,” Matthew 17:5. Possibly the Sheckinah, or cloud of glory (see on Luke 1:35), which was the symbol of the Divine Presence (Exodus 33:9; 1 Kings 8:10). If a mere mountain cloud had been intended, there would have been no reason for their fear."" http://biblehub.com/commentaries/luke/9-34.htm",Voir Matt 17: 5; Luk 1. 35; Exo 33. 9; 1 Roi 8. 10; sur l'importance des nouages dans la Bible. Dieu se présente dans les nouages.
,821 Ethnometeorology,5 Research Suggestions,1,,"Familiarize yourself with the concept of ethnometeorology and ethnometeorological passages in Scripture (see in Cumulative Index, p. 40 in this document).",Familiarize-vous avec le concept de l'ethnométéologie et avec les passages qui parle de la météo. Voir l'index cumulatif.
,821 Ethnometeorology,5 Research Suggestions,,1,Which ones are about phenomena local to Israel and the Middle East and may need care in translating in an area where people have a different view and understanding of these things? What is your own society’s understanding of these things? Has it changed?,Lesquelles des ces conceptes concernent les phénoménes trouvé en Israel et le Moyen Orient? Il faut prendre soin quant on les traduise dans une région ou les gens ont une autre vue de ces choses. Comment ces phénomènes sont=ils vus dans votre culture? Comment cette vue a-t-elle changée?
,821 Ethnometeorology,5 Research Suggestions,,1,"Search out the language and ideas people in various categories in the society have about the cosmos, the seasons, weather and climate and their various cycles.","Rechercher le language et les idées que les gens dans la culture ont pour le cosmos, les saison; la météo, le climat et leurs cycles."
,821 Ethnometeorology,5 Research Suggestions,,1,"What do people in your area think about such things as: why night and day happen, why the moon changes appearance, the movement of the stars and planets (and comets and meteors), weather changes like rain, frost, wind, and the round of the seasons? How do people explain unusual weather?","Que-ce-que les gens de la culture pensent de pourquoi la niut et le jour existentm pourquoi la lune change d'apparance, le movement des étoiles et des planétes, les cométes et metéorites, the changement de la météo, la plulie, le vent, la neige, et les saisons? Comment expliquent-t-ils la météo étrange?"
,821 Ethnometeorology,5 Research Suggestions,,1,"What is thought to be the effect of weather on people? Of the objects in the sky on weather? Is the younger generation beginning to hold different views than their elders on these matters? What changes are occurring in their thinking, and where are the different ideas coming from?",Que-ce-que les gens pensent est l'effect de la météo sure une personne? L'effect des objects dans le ciel sure la météo? La nouvelle génération commence-t-elle a changé de vue sur ces idées? Quelles sont les nouvelles idées? d'où viennent ces idées?
,,,,,,
,,,,,,
,290 Clothing,2 Description,1,,"Clothing involes the garmets and materials used to cover the body for utility, warmth and ornamentation.","Les habits incluent les vêtements et les materiaux utilisés pour couvrir le corp pour utilité, rechauffement et ornamentation."
,290 Clothing,2 Description,1,,"There are many general references in Scripture to clothing: garments, fine clothes, expensive clothes, as well as many references to particular items: tunic, robe, cloak, belt, sandals.","Il y a des références generales dans la Bible à les habits, tissue fin, vétements chers, aussi beaucoup de régérences au articles particulier comme tunic, cape, ceinture, sandales."
,290 Clothing,2 Description,1,,"Although clothing is first of all an everyday functional item of material culture, it carries a significant load of meaning for humans in all cultures, and so also in Scripture, where there are many, many references to clothing. Three types of usage regarding clothing in Scripture are:","Même si les habits ont un usage foncionel de la culture mateirèle, ils portent une signification importnat pour toutes cultures. Ceci est vrai aussi dans la Bible; y se trouve beaucoup de rétérence au vêtements. Il y a troi genres de vêteùents dans la Bible:"
,290 Clothing,2 Description,,1,"Literal: There are terms for specific items and types of clothing, their use, manufacture and repair, used descriptively without figurative or symbolic intent. When the angel tells Peter in prison to put on his cloak and sandals, it means just that. It is not figurative or symbolic.","Sense Litérale. Ce genre inclue les terms spécifiques pour les différent types d'habits, leur usage, leur création et réparation; ces termes n'ont pas de sense figuré ni symbolique. Quand l'ange di a Piere de mettre son cape et ses sandales, il n'y a pas de sense symbolique."
,290 Clothing,2 Description,,1,"Figurative: There are clothing terms used figuratively or metaphorically. The Bible’s figurative language may turn out to work well in a receptor language, even though the hearers initially perceive it as odd or unconventional. For example, the expression “you are clothed with splendour” in Psalm 104 requires an inititial leap of imagination to make sense.","Sense Figuré. Il y a des vétements utilise dans un sense figuré or metaphorique dans la Bible. Le languafe figuré peut bien fonctioner dans une autre langue, même si les gens le perçoivent initialement un peu étrange. Par exemple, l'expression 'tu est vétu de spendeur' dan la Psaume 104 requise de l'imagination pour avoir du sense."
,290 Clothing,2 Description,,1,"Symbolic: There are clothing terms used to stand for larger truths or meanings. They may use such features as colors, the actions of putting on, taking off, and changing clothes, and the symbolic opposition, clothed vs. naked. Clothing is used symbolically in themes running from Genesis to Revelation, from the skin garments of Adam and Eve to the white robes of the saints.","Sense Symbolique. Il y a des termes de vêtements qui représentent des verités ou des thèmes plus grands. Cela peut incluir des couleurs, l'action de mettre ou enlever un vêtement; l'opposition symobolique d'être vétu ou nue. Les vêtements sont utilisés dans un sense symbolique de Genèse jusqu'au les Apocalypses, de les habits d'Adan et Eve aux robes balnches des saints."
LUK 2:6,290 Clothing,3 Application to Biblical source,1,,The “swaddling clothes” were long cloth strips used to keep babies' limbs straight so they could grow properly (cf. Wisdom of Solomon 7:4). The IVP Background Commentary,"Le 'linge' consistait de bandes de tissue qui entourées le bébé pour mantenir ses memebres droits. (Biblical Background, trad.)"
LUK 5:33-39,290 Clothing,3 Application to Biblical source,1,,"Jesus uses two familiar facts to make his point. Older clothes had already shrunk from washing. Wine could be kept in either jars or wineskins; wineskins, unlike jars, would stretch. Old wineskins had already been stretched to capacity by wine fermenting within them; if they were then filled with unfermented wine, it would likewise expand, and the old wineskins, already stretched to the limit, would break. Watered-down wine was drunk with meals. IVP Bible Background Commentary","Les contemporains de Jésus portaient des habits de laine tissés main. La laine non-décatie rétrécissait au premier lavage. Tout l'habit devenait donc plus petit. Si, par la suite, un trou apparaissait dans cet habit, il fallait prendre un morceau de laine décati - donc déjà rétréci - pour le réparer, car si l'on prenait de la laine neuve, non décatie, elle rétrécissait au premier lavage (ou si elle était mouillée par la pluie) et, tirant sur les morceaux à l'entour, elle les déchirait. (Encyclopédie difficultés bibliques)"
LUK 8:44-45,290 Clothing,3 Application to Biblical source,1,,"If an unclean person touched someone elses clothes, this made the clothes ceremonially unclean.","Jacques Duquesne évoque de manière pittoresque la fabrication de ces franges : «  Voyons les chiffres : on n'a pas fait sept tours de fil par hasard, et le total des fils (tournés et retournés) et des nœuds fait six cent treize, ce qui correspond aux commandements de la Loi : trois cent soixante-cinq interdictions, et deux cent quarante-huit recommandations. De même, l'homme, dit-on, a trois cent soixante-cinq tendons et deux cent quarante-huit organes. Il s'agit de respecter la parole de Dieu : ‘L'Eternel dit à Moïse : Parle aux fils d'Israël, dis-leur de se faire une frange sur les bords de leurs vêtements (...) et de mettre un fil d'azur dans la frange qui borde le vêtement (...). En le voyant, vous vous souviendrez de tous les commandements du Seigneur, vous les accomplirez et vous ne vous laisserez pas entraîner par vos cœurs et vos yeux qui vous mèneraient à l'infidélité’ (Nombres 15.37-39)  » (Encyclopédie difficultés bibliques)"
LUK 10:4,290 Clothing,3 Application to Biblical source,1,,"The disciples were told not to carry a traveling bag, or money bag on their journey",Jésus dit aux disciples de ne pas porter ni bourse ni sac de voyage pendent leur voyage.
LUK 10:9,290 Clothing,3 Application to Biblical source,1,,"People did not have many clothes, so they are a valuable item to steal. IVP Background Commentary","Les gens n'avaient pas beaucoup de vêtements, donc c'etaient quelquechose de valeur à voler. (Biblical Background trad.)"
LUK 15:20,290 Clothing,3 Application to Biblical source,1,,"It was a breach of an elderly Jewish man's dignity to run, though familial love could take priority over dignity after a long absence (cf. Tobit 11:9—mother and son). Given the normal garb, the father would have to pull up his skirt to run. IVP Bible Background Commentary","Dans la société juive d’alors, la dignité d’un homme de l’âge du père lui interdisait de courir ; le fait qu’il ait fait passer ses sentiments au-dessus de sa dignité parlait aux auditeurs de ce temps-là de l’intensité de son amour. Il en donne une autre preuve en embrassant longuement son fils au lieu d’attendre que celui-ci ait fait acte de contrition et demandé pardon. (Encyclopédie difficultés bibliqes) Pour courir, le pére a du remonter sa robe; contre sa dignité. (Biblicql Bqckgrond)"
LUK 15:21-22,290 Clothing,3 Application to Biblical source,1,,"The best robe in the house would belong to the father himself. The ring would probably be a family signet ring— a symbol of reinstatement to sonship in a well-to-do house. Slaves did not normally wear sandals, though they carried and tied a master's sandals. The father is saying, “No, I won't receive you back as a servant. I'll receive you only as a son.” IVP Bible Background Commentary","Honorez-le comme fils et fils bien-aimé d'un père riche et puissant. Un anneau au doigt et des souliers ou des sandales aux pieds étaient le signe de l'homme libre; les esclaves allaient nupieds. . La réhabilitation du fils est complète; il reçoit le pardon de ses fautes gratuitement et tout de suite, sans conditions ni délais; il est réintégré dans la maison et dans l'amour de son père comme si rien ne s'était passé. Tel est le sens général de ces traits de la parabole. (NT Annoté)"
LUK 16:19,290 Clothing,3 Application to Biblical source,1,,"Purple was an especially expensive form of apparel (cf. comment on Acts 16:14); the lifestyle Jesus describes here is one of ostentatious luxury. Although this man may have become rich by immoral means (as people often did), the only crime Jesus attributes to him is that he let Lazarus starve to death when he could have prevented it. IVP Background Commentary","L'habit de dessus, un vêtement de laine, était teint de pourpre. La substance colorante était extraite d'un coquillage : le murex. Comme il en fallait de grandes quantités, les habits de pourpre revenaient très cher, et seuls les riches pouvaient s'en payer (voir Juges 8.26 ; Esther 8.15 ; Proverbes 31.22 ; Daniel 5.7). Le vêtement de dessous était une tunique de byssus, un fin lin égyptien. (Encylopdédi difficultés bibliques)*"
LUK 19:35,290 Clothing,3 Application to Biblical source,1,,Jesus' disciples put their outer clothes on the donkey for Jesus to ride on.  The people lay their outer clothes on the ground for Jesus to ride on.,"C’était l’habitude de répandre des fleurs et des branchages, de poser des tapis et des habits sur le chemin de conquérants, de princes ou de personnes auxquelles on voulait témoigner un honneur et un respect particuliers. C’est de cette manière que Jéhu fut reconnu roi : «  les officiers s’empressèrent d’étendre leurs manteaux devant lui sur les marches de l’escalier, puis ils sonnèrent du cor et se mirent à crier : ‘Vive le roi Jéhu’  » (2 Rois 9.13). Lorsque Xerxès a franchi l’Helléspont, son chemin était parsemé de branches de myrte. Quand Caton a quitté son armée pour revenir à Rome, on répandit des habits sur son chemin. (Encyclopédi difficultés bibliques)"
LUK 23:11,290 Clothing,3 Application to Biblical source,1,,"The “bright” or “elegant” (NIV, NRSV) robe may be a white one, characteristic of Jewish kings. This apparel would be an appropriate mockery from Antipas's bodyguard. The IVP Background Commentary","Le vêtement éclatant dont il revêtit Jésus pouvait être la toge blanche que portaient les candidats aux grands emplois de l'Etat, ou un manteau royal; dans l'un et l'autre cas, Hérode parodiait avec mépris l'idée de la royauté de Jésus. (NT Annoté)"
LUK 23:34,290 Clothing,3 Application to Biblical source,1,,Roman custom awarded the soldiers the victim's clothes. IVP Background Commentary,"Le pluriel qui se lit dans A, et est préféré par la plupart des critiques, s'explique par le fait que les soldats se partagèrent successivement les diverses pièces du vêtement de Jésus. (NT Annoté)"
LUK 24:11,290 Clothing,3 Application to Biblical source,1,,"These are the cloths that Jesus wore when he was buried in the tomb,",
LUK 24:49,290 Clothing,3 Application to Biblical source,1,,Clothing here is figurative,Le mot 'revêtu' est utilisé dans un sense figuré dans ce verset.
,290 Clothing,5 Research Suggestions,1,,"Study background information on clothing; also think about clothing in your own culture. The use of clothing in some form, even the bare minimum, is an important human universal. Find material on these topics","Rechercher les vêtements dans la culture de tradution, et pensez au vêtements dans votre propre culture. L'usage des habits même dans une forme minimal est une pratique unverselle."
,290 Clothing,5 Research Suggestions,,1,"People use clothing for both practical and symbolic purposes. For example, A Christian priest wears a special collar to indicate his position and role in society. It is not just to keep his neck warm.","Les gens ustilisent les habits dans des buts pratiques et symboliques. Par exemple, un prêtre Catholique porte un col special qui indiqueq sa position et sa rôle dans la société. Il ne sert pas seulement pour enchauffer son cou."
,290 Clothing,5 Research Suggestions,,1,"They use it for warmth, for protection, to show modesty, ethnic identity, social status, or a spiritual condition. Men in the west wear 3 piece suits to indicate their seriousness as professionals. On the other hand, Information Technology professionals often wear jeans to show their profession. Many Muslim women wear a head covering for modesty as well as protection from harassment by men in public places.","Les gens utilisent les habits pour protection, pour montrer la modestie, pour s'identifier à un group étnique, ou sa condition spirituelle. Les homme de l'ouest porte de combinaisons de trois pieces pour indiquer qu'ils sont des prodessionels. Par contred, ceux qui travailent dans le sécteur de l'informatique souvent portent des jeans. Beaucoup de femmes musulmannes courve la tête pour montrer modéstie et pour se protéger contre le harcélement masculin *dans les lieux publiques."
,290 Clothing,5 Research Suggestions,,1,"People may also choose their clothing in order to signal a break with their cultural traditions or social conventions. For example, some immigrants choose to wear the clothing styles of their adopted country rather than maintain their traditional clothing.",Les gens choisisent leurs habits pour indiquer une brêche avec leiur culture traditionelle our les moeurs socials. Par exemple; certains immigrés portent les styles de leur pays adopté et ne plus porter les habits de leur pays d'origine.
,290 Clothing,5 Research Suggestions,,1,Many culture-origin myths include accounts of how people came to wear clothing. What does Genesis say? What are some other accounts of the origin of clothing?,Beaucoup de mythes d'origine incluent comment les gens d'une culture ont commençaient à porter des vêtements. Que ce que dit le Génése sur ce sujet? Quel autre contes connocez-vous?
,290 Clothing,5 Research Suggestions,,1,Language related to clothing can reflect all these factors and have sociolinguistic implications as well.,Le language qui réfer aux habits peut refléter tous ces facteurs et avoir des implications sociologiques.
,290 Clothing,5 Research Suggestions,1,,Note and record:,Noter le suivant;
,290 Clothing,5 Research Suggestions,,1,what items people wear,les vêtements que les gens portent.
,290 Clothing,5 Research Suggestions,,1,"men, women, boys, girls, adults, children, infants,","hommes; femmes; garçons; filles, enfants, bébés"
,290 Clothing,5 Research Suggestions,,1,what people of different statuses and roles wear,la différence d'habit des gens de différent status socials et de rôles sociales.
,290 Clothing,5 Research Suggestions,,1,"elders, widows, richer/poorer, leaders, outsiders","Les anciens; les veuve, les riches; les pauvres; les chefs; les étrangers"
,290 Clothing,5 Research Suggestions,,1,"what people wear at life cycle changes/ceremonies, such as","ce que les gens portent pendant les evenements important de la vie, comme"
,290 Clothing,5 Research Suggestions,,1,"weddings, funerals, baptisms, initiations","marriages, funerailles; baptéms, initiations, etc."
,290 Clothing,5 Research Suggestions,,1,manufacture and care of clothes,la création et le soin des habits.
,,,,,,
,787 Revelation and Divination,1 Introduction,1,,"Most cultures have ideas about revelation from sources outside the natural world. Because by definition these occurrences involve things that are not seen, it is not at all surprising that different cultures may assign quite different meanings to specific actions or occurrences. Since revelation is so pervasive in Scripture, it is crucial to understand the deeper meanings behind the terms used to describe this revelation.","Beaucoup de cultures ont des idées sur la révélation que viennent en dehors du monde naturel. Par définition ces événements incluent des choses que ne se voient pas, il est naturel que différentes cultures assignent des sense uniques aux certains phénomènes. La révélation est très répendue dans la Bible; et il est crucial pour bien comprendre les senses profondes des termes utilisés pour décrire ce phénomène."
,787 Revelation and Divination,2 Description,1,,Revelation can have many characteristics:,La révélation a plusiers caractéristiques;
,787 Revelation and Divination,2 Description,,1,from a positive source,venant d'une source positive
,787 Revelation and Divination,2 Description,,1,from a negative source,venant d'une source négative
,787 Revelation and Divination,2 Description,,1,predicting the future,prédire le future
,787 Revelation and Divination,2 Description,,1,commenting on the present,commentaire sure le présent
,787 Revelation and Divination,2 Description,,1,warning of judegment about current behavior or situations,avertissement du jugement sur le comportement ou la situation actuelle
,787 Revelation and Divination,2 Description,1,,Understanding how a culture interprets events of revelation will enable you to avoid miscommunicating in some of the most crucial passages of Scripture.,Bien comprendre comment une culture intérprète les événements de révélation vous permet à éviter de mal communiquer certains passages crucials de la Bible.
LUK 1:5-25,787 Revelation and Divination,3 Application to Biblical source,1,,While Zechariah is in the temple lighting the incense he is told by an angel that he will have a son.  ,Pendent que Zacharie allumait l'incense dans le temple un ange lui parle et dit qu'il aura un fils.
LUK 1:18,787 Revelation and Divination,3 Application to Biblical source,1,,"Like Zechariah here, Abraham (Gen 15:8; cf. 17:17), Gideon (Judg 6:17, 36-40; 7:10-11) and others in the Old Testament (2 Kings 20:8; cf. Is 7:10-14) asked for signs in the face of astounding promises, but they were not punished. That Zechariah's sign should be harsher to him (1:20) suggests only that this revelation is much greater than those which preceded it. IVP Background Commentary","La question du sacrificateur, toute semblable à celle d'Abraham (Genèse 15:8), trahit un doute sur l'accomplissement de ce qui lui est annoncé. (v. 20.) Il demande un signe auquel il puisse en reconnaître la vérité. (NT Annoté)"
LUK 1:19,787 Revelation and Divination,3 Application to Biblical source,1,,"Although Judaism had developed quite a list of angelic names, the *New Testament mentions only the two who also appear in the Old Testament: Gabriel (Dan 8:16; 9:21) and Michael (Dan 10:13,21; 12:1). These became the two most popular angels in contemporary Jewish lore, in which Gabriel was sent on many divine missions. Jewish literature typically portrayed the chief angels as before God's throne. IVP Background Commentary","L'ange «  ne lui reproche d'ailleurs pas d'avoir douté de Dieu et de sa puissance, mais annonce que puisque Zacharie ne l'a pas cru sur parole (sa parole à lui, l'ange), il lui donnera le signe matériel et visible qu'il demande. (NT Annoté)"
LUK 1:20-21,787 Revelation and Divination,3 Application to Biblical source,1,,"Casting incense on the heated altar of incense normally took little time, after which the priest emerged immediately. The delay here may have troubled the crowds; perhaps they thought Zechariah had been disrespectful and struck dead, or that something else had gone wrong. If Zechariah's offering had failed, their prayers were also in jeopardy. IVP Background Commentary", L'apparition de l'ange et son entretien avec le sacrificateur avaient retenu celui-ci dans le temple beaucoup plus longtemps qu'à l'ordinaire. (NT Annoté)
LUK 1:26-27,787 Revelation and Divination,3 Application to Biblical source,1,,"Although Judaism had developed quite a list of angelic names, the *New Testament mentions only the two who also appear in the Old Testament: Gabriel (Dan 8:16; 9:21) and Michael (Dan 10:13,21; 12:1). These became the two most popular angels in contemporary Jewish lore, in which Gabriel was sent on many divine missions. Jewish literature typically portrayed the chief angels as before God's throne. IVP Background Commentary","Les juifs avaient developé une longe liste des noms des anges, mais le NT ne mentionne que duex: Gabriel (Dan 8. 16, 9. 21) et Micheal (Dan 10.13, 21m 12.1). Ces deux sont devenuent les plus populaires dans les traditions jives. Gabriel a été envoyé en plusiers missions divines. La litérature jive typiquement représentait le chef des anges devant le throne de Dieu. (Biblical Background; trad;)"
LUK 1:26-38,787 Revelation and Divination,3 Application to Biblical source,1,,Mary is told by an angel that she will have a son.  ,Un ange dit à Marie qu'elle aura un fils.
LUK 1:39-45,787 Revelation and Divination,3 Application to Biblical source,1,,"""Like dancing, leaping was an expression of joy (e.g., Wisdom of Solomon 19:9). Jewish people recognized that the fetus was able to sense and respond to stimuli; while occasionally suggesting that the fetus's gender could be changed by prayer up until birth, some *rabbinic tradition also believed that infants could sin, sing and so forth in the womb. Some pagan stories also told of babies dancing in their mother's wombs or speaking in infancy, but pagans generally regarded these events as evil omens; here John's activity is instead a result of his prenatal sensitivity to the prophetic Spirit."" IVP Background Commentary","Les Juifs croyaient que les foetus étaient capables de sentiments et de réactions à divers stimuli. Les rabbins disaient aussi qu’ils pouvaient pécher ou chanter. Des récits païens parlent d’enfants qui dansaient dans le ventre de leur mère ou qui parlaient, mais ces faits étaient considérés comme de mauvais présages. Ici, la réaction de Jean-Baptiste est plutôt «  le résultat de sa sensibilité prophétique prénatale  » (Keener p. 191). (Encyclopédie difficultés bibliques)"
LUK 1:67-80,787 Revelation and Divination,3 Application to Biblical source,1,,"n the *Old Testament only a fine line existed between inspired praise and *prophecy (e.g., 1 Sam 10:5-6; 1 Chron 25:1-3), and often, as in Psalms, one could move from one to the other (46:1, 10; 91:1, 14). 1:67.  The *Spirit of God was especially (though not exclusively) associated with prophecy in the Old Testament, and this perspective continued in various Jewish circles around the time of Jesus. IVP Background Commentary","Pour comprendre le beau cantique de Zacharie, cette effusion ardente de son âme, il faut donner à ces deux mots leur pleine signification biblique: rempli de l'Esprit-Saint et: il prophétisa. En effet, l'Esprit de Dieu lui communiqua en ce moment le don de prophétie, par où il faut entendre à la fois le don de pénétrer dans l'avenir du règne de Dieu et la faculté d'en exprimer les mystères dans des discours pleins d'élévation et de lucidité. (NT Annoté)"
LUK 2:8-20,787 Revelation and Divination,3 Application to Biblical source,1,,"Angelic appearances, the revelation of God's glory and consequent fear among the humans present were common in the Old Testament when God was acting in history in special ways.",
LUK 2:10-12,787 Revelation and Divination,3 Application to Biblical source,1,,"“Good news” could refer to the proclamation of God's salvation (Is 52:7), but pagans applied it also to celebrations of the cult of the emperor among all people in the supposedly worldwide empire. Particularly in celebration of his birthday (pagans publicly celebrated deities' birthdays), the emperor was hailed “Savior” and “Lord.” But Jesus' birth in a lowly manger distinguishes the true king from the Roman emperor, whose loyalists in Luke's day would have bristled at (and perhaps responded violently to) the implicit comparison. “Signs” are common in prophetic literature (e.g., Is 7:14; Ezek 12:11) and function as much to provoke and explain truth as to prove it. IVP Background Commentary",
LUK 2:13-14,787 Revelation and Divination,3 Application to Biblical source,1,,"This choir contrasts with the earthly choirs used in the worship of the emperor. The current emperor, Augustus, was praised for having inaugurated a worldwide peace. The inverted parallelism (God vs. people, and “in the highest” vs. “on earth”) suggests that “in the highest” means “among heaven's angelic hosts.” IVP Background Commentary",
LUK 2:25-26,787 Revelation and Divination,3 Application to Biblical source,1,,"This encounter with Simeon no doubt occurs in the Court of Women. God's future intervention for Israel was described as “consolation” or “comfort” (cf., e.g., Is 49:13; 51:3; 52:9; 66:13). The “*Holy Spirit” was especially associated with *prophecy. On living to see God's *grace before dying, cf. Psalm 91:16, Tobit 10:13 and 11:9; sometimes in the Old Testament the righteous would be spared seeing disaster and the wicked would not experience good (e.g., 2 Kings 6:2; 22:20).",
LUK 2:33-35,787 Revelation and Divination,3 Application to Biblical source,1,,"Prophecies in Jewish and Greco-Roman tradition were often obscure, easier understood in hindsight than at the moment they were given. Simeon's words probably allude to the stumbling stone of Isaiah 8:14-15 and the anticipated *resurrection. The “sword” reflects either Mary suffering over Jesus' pain or her heart being bared, probably the former (a mother's grief can symbolize a son's suffering, e.g., Judg 5:28). IVP Background Commentary",
LUK 2:36,787 Revelation and Divination,3 Application to Biblical source,1,,"Although the Old Testament did include prophetesses, they were much less prominent than male prophets in the Jewish tradition of this period. The name “Anna” (Tobit 1:9) is the Hebrew name “Hannah” (1 Sam 1:2).",
LUK 2:37-38,787 Revelation and Divination,3 Application to Biblical source,1,,"Jewish and Greco-Roman culture often viewed widows who never remarried as pious and faithful. Judith, a famous widow in Jewish tradition, was said to have lived as a widow till her death at 105. If one adds the two numbers given in the text here, seven and eighty-four (taking eighty-four as the length of Anna's widowhood rather than her age), and she was married at the common age of fourteen, one could see her as 105 also. IVP Background Commentary",
LUK 3:15,787 Revelation and Divination,3 Application to Biblical source,1,,"Slaves of high-status individuals often had higher status than free persons. A slave (unlike a *disciple, who also served a master) carried the master's sandals; John here claims that he is not worthy even to be Christ's slave. The prophets had predicted the outpouring of God's *Spirit on the righteous at the time when God established his *kingdom for Israel (Is 44:3; Ezek 39:29; Joel 2:28). They also decreed fire upon the wicked (Is 26:11; 65:15; 66:24; Jer 4:4; 15:14; etc.). In Matthew 3:11, the wicked are baptized, or immersed, in fire (3:10, 12), the righteous in the *Holy Spirit. IVP Background Commentary",
LUK 3:16-17,787 Revelation and Divination,3 Application to Biblical source,1,,"The *Old Testament prophets had declared that in the end time the righteous would be endowed with the *Holy Spirit and that the wicked would be burned with fire. The Jewish people generally viewed the Holy Spirit as the Spirit of *prophecy, and some circles viewed the Spirit as a force that purified God's people from unholiness. IVP Background Commentary",
LUK 3:19-20,787 Revelation and Divination,3 Application to Biblical source,1,,"John's preaching to Herod Antipas fits prophetic morality, but Herod and his advisers may view it as a political statement, especially given the political cost of Herod's illicit liaison with Herodias (see comment on Mk 6:17-20). Herod's nemesis, a Nabatean king, also found ethnic allies in Herod's subject territory of Perea, and Herod may have viewed John's preaching in that region (Jn 3:23) as especially damaging. In ancient Israel prophets normally enjoyed an immunity from persecution that was virtually unparalleled in the ancient Near East (prophets of other nations rarely denounced living kings; at most they suggested more funds for their temples). But some Israelite rulers did imprison (1 Kings 22:26-27; Jer 37—38) and seek to kill or silence them (1 Kings 13:4; 18:13; 19:2; 2 Kings 1:9; 6:31; 2 Chron 24:21; Jer 18:18, 23; 26:11, 20-23). John's costly stand prefigures Jesus' death at the hands of the authorities.",
LUK 4:14-30,787 Revelation and Divination,3 Application to Biblical source,1,,"Jesus is revealing that the prophecy he just read has happened. ""Immediacy (“today”; cf. 2:11; 19:5, 9; 23:43) is the initial key to the coming offense; the text Jesus reads is supposed to be fulfilled in the messianic era, and the inhabitants of Nazareth saw neither *Messiah nor messianic era before them. Because they lived only four miles from Sepphoris, they were well aware of how the Romans had destroyed that Galilean capital after a messianic-style revolt in A.D. 6; that this region was thereafter cautious about messianic announcements is clear from the fact that the rebuilt Sepphoris did not join in the later revolt of A.D. 66. Writers of the *Dead Sea Scrolls, who believed that they lived on the verge of the end time, often stressed the immediacy of biblical *prophecies, applying descriptions of Nahum, Habakkuk and others to their own day. Interpreting the Bible this way was thus not in itself offensive to first-century Palestinian Jews; the offense was implying that the end time had arrived in Jesus' own ministry."" IVP Background Commentary",
LUK 9:18-19,787 Revelation and Divination,3 Application to Biblical source,1,,"God revealed Jesus' true identity to Peter. ""Because many Palestinian Jews believed that prophets in the *Old Testament sense had ceased, ranking Jesus among the prophets would have been radical—but it was not radical enough to grasp his true identity."" IVP Background Commentary",
LUK 9:39,787 Revelation and Divination,3 Application to Biblical source,1,," The possessed person's lack of control over his own motor responses parallels examples of spirit possession in many cultures through history and is attested in anthropological studies of spirit possession today. Greek medical texts mention “foam” in connection with epileptic seizures, the symptoms of which are in this case (but not always—Mt 4:24) caused by demonic possession. IVP Background Commentary",
LUK 9:40-41,787 Revelation and Divination,3 Application to Biblical source,1,,"Jesus' response presupposes that he expected his *disciples to have enough faith to work miracles as he did. Some ancient  IVP Background CommentaryJewish teachers were seen as miracle workers, but not often did they expect their disciples to be able to do miracles also.",
LUK 9:42-43,787 Revelation and Divination,3 Application to Biblical source,1,,"Exorcists normally tried to subdue demons by incantations invoking higher spirits, or by using smelly roots or pain-compliance techniques. Jesus here uses only his command, thereby showing his great authority. IVP Background Commentary",
,787 Revelation and Divination,5 Research Suggestions,1,,One way to find out about revelation is to ask people to tell you about situation where reveleation happened. How did it happen? Who initiated it? Where did it come from? What was the purpose of the revelation? Who was involved? How did it affect the people involved? What happened afterwards? How did their lives change as a result of the incident?,
,,,,,,
,,,,,,
"Lk 1:26-38, Lk 1:39-45, Lk 8:19-21",602 Kin Relationships,1 Introduction,1,,"For people everywhere, the kinship network with all its rights, responsibilities, and emotions is the basis of their most important social relationships.  Kinship-related issues, stories and symbols also permeate the Scriptures.  See a sample of these in the entries under Kinship in the Cumulative Topical Index.",
"Lk 1:26-38, Lk 1:39-45, Lk 8:19-21",602 Kin Relationships,2 Description,1,,Kinship refers to those relationships that people have with one another on the basis of,
"Lk 1:26-38, Lk 1:39-45, Lk 8:19-21",602 Kin Relationships,2 Description,2,1,"consanguinity (relationships through descent or 'blood'), both lineal (direct descent line) and collateral (side line but common ancestor)",
"Lk 1:26-38, Lk 1:39-45, Lk 8:19-21",602 Kin Relationships,2 Description,2,2,affinity (relationships through marriage),
"Lk 1:26-38, Lk 1:39-45, Lk 8:19-21",602 Kin Relationships,2 Description,3,,"These are generally the most important kin relationships for people and societies everywhere. Although kinship is a human universal, kinship systems and terminologies vary from locale to locale. They also change over time. Culture contact is a chief agent of change.",
Lk 1:26-38,602 Kin Relationships,3 Application to Biblical source,2,,"Joseph is Mary's husband; Joseph was of David's line,  Jesus would be his legal son, sp Jesus could qualify as belonging to David's royal house.",
Lk 1:26-38,602 Kin Relationships,3 Application to Biblical source,,,Elizabeth and Mary are related to each other through their family ties (see kindred),
LUK 1:39-45,602 Kin Relationships,3 Application to Biblical source,2,,Elizabeth and Mary are related to each other through their family ties (see kindred),
LUK 8:19-21,602 Kin Relationships,3 Application to Biblical source,2,,The brothers are Jesus' younger brothers / cousins?,
Lk 1:26-38,602 Kin Relationships,5 Research Suggestions,,,To research husband-wife relationships ----,
"Lk 1:26-38, Lk 1:39-45, Lk 8:19-21",602 Kin Relationships,5 Research Suggestions,,,to research extended family relationships ,
"Lk 1:26-38, Lk 1:39-45, Lk 8:19-21",602 Kin Relationships,3 Application to Biblical source,1,,The study of kinship and kin groups enables you to,
"Lk 1:26-38, Lk 1:39-45, Lk 8:19-21",602 Kin Relationships,3 Application to Biblical source,2,1,understand and empathize with the relationships that matter most to people in your locale.,
"Lk 1:26-38, Lk 1:39-45, Lk 8:19-21",602 Kin Relationships,3 Application to Biblical source,2,2,prepare for translating and checking the many literal and figurative kinship topics and themes in Scripture,
"Lk 1:26-38, Lk 1:39-45, Lk 8:19-21",602 Kin Relationships,5 Research Suggestions,1,,Kinship is one of the more systematic and structured areas of human social life. Important topics for kinship study are,
"Lk 1:26-38, Lk 1:39-45, Lk 8:19-21",602 Kin Relationships,5 Research Suggestions,2,1,kinds of kin groups,
"Lk 1:26-38, Lk 1:39-45, Lk 8:19-21",602 Kin Relationships,5 Research Suggestions,2,2,kinship terminologies,
"Lk 1:26-38, Lk 1:39-45, Lk 8:19-21",602 Kin Relationships,5 Research Suggestions,2,3,"right ways of speaking of ancestors and reciting family genealogies, royal genealogies",
"Lk 1:26-38, Lk 1:39-45, Lk 8:19-21",602 Kin Relationships,5 Research Suggestions,2,4,kin roles and their expected behaviors,
"Lk 1:26-38, Lk 1:39-45, Lk 8:19-21",602 Kin Relationships,5 Research Suggestions,2,5,"fictive kin, or people who are called by kin terms even though they are not 'really' related.",
"Lk 1:26-38, Lk 1:39-45, Lk 8:19-21",602 Kin Relationships,5 Research Suggestions,2,6,"causes and outcomes of conflict between kin and kin groups, and",
"Lk 1:26-38, Lk 1:39-45, Lk 8:19-21",602 Kin Relationships,5 Research Suggestions,2,7,changes in kin-related language and behavior resulting from culture contact,
,,,,,,
,,,,,,
,,,,,,
,,,,,,
,,2 Description,1,,"The term political system refers to the governmental processes and structures in a society. “Government” may range from a headman or a council of village elders to a modern multinational parliament such as the European Union. Who has authority, what is the basis of authority, how does authority change hands, what happens when people break the ‘rules’?",
,,2 Description,1,,You need to know about the local and interconnecting political system(s) of your allocation,
,,2 Description,2,1,for daily life needs and relationships,
,,2 Description,2,1,for accurate understanding of authority: who’s in charge of what,
,,2 Description,2,1,"for learning the domain of political action and its related language, for translation as well as other tasks",
LUK 1:46-56,619 Tribe and Nation,3 Application to Biblical source,1,,,
LUK 2:21-40,619 Tribe and Nation,3 Application to Biblical source,1,,,
LUK 6:27-36,626 Social Control,3 Application to Biblical source,1,,,
LUK 6:37-42,628 Inter-community Relations,3 Application to Biblical source,1,,,
LUK 17:11-19,629 Inter-ethnic Relations,3 Application to Biblical source,1,,,
LUK 17:11-19,635 Provinces,3 Application to Biblical source,1,,,
LUK 13:18-21,642 Constitution,3 Application to Biblical source,1,,,
LUK 1:26-38,643 Chief Executive,3 Application to Biblical source,1,,,
LUK 2:1-7,643 Chief Executive,3 Application to Biblical source,1,,,
LUK 3:1-20,643 Chief Executive,3 Application to Biblical source,1,,,
LUK 5:27-32,651 Taxation and Public Income,3 Application to Biblical source,1,,,
LUK 20:20-26,651 Taxation and Public Income,3 Application to Biblical source,1,,,
LUK 20:20-26,656 Government Regulation,3 Application to Biblical source,1,,,
LUK 2:1-7,651 Taxation and Public Income,3 Application to Biblical source,1,,"Censuses were important for evaluating taxation; they were generally conducted locally, so all local governments in all regions probably did not simultaneously implement  Caesar's decree.  IVP Background Commentary",
LUK 20:20-26,662 Political Intrigue,3 Application to Biblical source,1,,,
LUK 1:18-35,668 Political Movements,3 Application to Biblical source,1,,,
,,5 Research Suggestions,1,,,
,,5 Research Suggestions,,,"3:14.  Some commentators think these “soldiers” are Jewish police who accompanied tax gatherers or Herodian mercenaries, but more likely these are the light auxiliary non-Jewish troops that Rome recruited from Syria. Although the large legions were stationed in Syria, not Palestine, some soldiers were stationed in Palestine (Caesarea and Jerusalem) and smaller bands no doubt marched through. The frequency of Roman soldiers' illegal concubinage with native women also indicates that all soldiers did not remain in their garrison at all times. Jews were exempt from required military service due especially to their dietary laws. Soldiers occasionally protested their wages, creating trouble with the government (e.g., the frontier mutiny of A.D. 14); they were known for extorting money from local people they intimidated or for falsely accusing them (see, e.g., the *papyri; *Apuleius).",
,,5 Research Suggestions,,,,
,,5 Research Suggestions,,,,
,,5 Research Suggestions,,,,
,,,,,,
,,,,,,
,613 Lineages,1 Introduction,,,,
,613 Lineages,2 Description,,,,
,613 Lineages,2 Description,,,,
LUK 3:1-20,613 Lineages,3 Application to Biblical source,,,,
LUK 4:31-37,613 Lineages,3 Application to Biblical source,,,,
,613 Lineages,5 Research Suggestions,,,,
,613 Lineages,5 Research Suggestions,,,,
,613 Lineages,5 Research Suggestions,,,,